{"cameraMode":{"drawMode":0,"name":"Shaded","section":"Shading Mode"},"sceneLighting":true,"audioPlay":false,"sceneViewState":{"m_AlwaysRefresh":false,"showFog":true,"showSkybox":true,"showFlares":true,"showImageEffects":true,"showParticleSystems":true,"showVisualEffectGraphs":true,"m_FxEnabled":true},"in2DMode":false,"pivot":{"x":2.4491806030273439,"y":-3.2448720932006838,"z":1.498671531677246},"rotation":{"x":0.2231307476758957,"y":0.41364437341690066,"z":-0.10531632602214813,"w":0.8763712048530579},"size":10.100489616394043,"orthographic":false}